{"nodes":[
{"caption":"COREMETA_ID","id":61,"properties":{"name":"COREMETA_ID","comment":"核心元据UUID"}},
{"caption":"MDFILEID","id":42,"properties":{"name":"MDFILEID","comment":"元数据标识符"}},
{"caption":"MDLANG","id":43,"properties":{"name":"MDLANG","comment":"元数据语种"}},
{"caption":"MDCHAR","id":44,"properties":{"name":"MDCHAR","comment":"元数据字符集"}},
{"caption":"MDDATEST","id":81,"properties":{"name":"MDDATEST","comment":"元数据创建日期"}},
{"caption":"MDSTANNAME","id":101,"properties":{"name":"MDSTANNAME","comment":"元数据标准名称"}},
{"caption":"MDSTANVER","id":102,"properties":{"name":"MDSTANVER","comment":"元数据标准版本"}},
{"caption":"RPINDNAME","id":82,"properties":{"name":"RPINDNAME","comment":"负责人名"}},
{"caption":"RPORGNAME","id":45,"properties":{"name":"RPORGNAME","comment":"负责单位名"}},
{"caption":"FAXPHONE","id":83,"properties":{"name":"FAXPHONE","comment":"传真"}},
{"caption":"DSID","id":85,"properties":{"name":"DSID","comment":"数据集代码"}},
{"caption":"ADMINAREA","id":84,"properties":{"name":"ADMINAREA","comment":"行政区"}},
{"caption":"POSTCODE","id":51,"properties":{"name":"POSTCODE","comment":"邮政编码"}},
{"caption":"DATA_STORAGE_MODE","id":92,"properties":{"name":"DATA_STORAGE_MODE","comment":"数据存储方式"}},
{"caption":"ISSUE_NUMBER","id":93,"properties":{"name":"ISSUE_NUMBER","comment":"出版物发行号"}},
{"caption":"COVER_PHOTO","id":94,"properties":{"name":"COVER_PHOTO","comment":"出版物封面图片"}},
{"caption":"COUNTRY","id":52,"properties":{"name":"COUNTRY","comment":"国家"}},
{"caption":"EMAILADD","id":53,"properties":{"name":"EMAILADD","comment":"e-mail"}},
{"caption":"DELPOINT","id":49,"properties":{"name":"DELPOINT","comment":"详细地址"}},
{"caption":"CNTONLINERES","id":54,"properties":{"name":"CNTONLINERES","comment":"在线资源"}},
{"caption":"BACK_COVER_PHOTO","id":115,"properties":{"name":"BACK_COVER_PHOTO","comment":"出版物封底图片"}},
{"caption":"TITLE","id":103,"properties":{"name":"TITLE","comment":"数据集名称"}},
{"caption":"IDABS","id":104,"properties":{"name":"IDABS","comment":"摘要"}},
{"caption":"TPCAT","id":105,"properties":{"name":"TPCAT","comment":"类型"}},
{"caption":"DATALANG","id":106,"properties":{"name":"DATALANG","comment":"数据集语种"}},
{"caption":"DATACHAR","id":86,"properties":{"name":"DATACHAR","comment":"数据集字符集"}},
{"caption":"INDUSTRY","id":112,"properties":{"name":"INDUSTRY","comment":"所属行业"}},
{"caption":"DATA_INCREMENT","id":113,"properties":{"name":"DATA_INCREMENT","comment":"数据增量"}},
{"caption":"DATA_TIME","id":114,"properties":{"name":"DATA_TIME","comment":"数据时制"}},
{"caption":"LINEAGE","id":55,"properties":{"name":"LINEAGE","comment":"数据质量信息-处理过程"}},
{"caption":"CITY","id":50,"properties":{"name":"CITY","comment":"城市"}},
{"caption":"MAINFREQ","id":107,"properties":{"name":"MAINFREQ","comment":"维护和更新频率"}},
{"caption":"DATASCAL","id":108,"properties":{"name":"DATASCAL","comment":"空间分辨率"}},
{"caption":"STATEMENT","id":109,"properties":{"name":"STATEMENT","comment":"数据质量信息-描述"}},
{"caption":"CREATE_DATE","id":91,"properties":{"name":"CREATE_DATE","comment":"创建时间"}},
{"caption":"UPDATED_DATE","id":110,"properties":{"name":"UPDATED_DATE","comment":"更新时间"}},
{"caption":"ATTRIBUTE","id":111,"properties":{"name":"ATTRIBUTE","comment":"数据属性/出版物属性"}},
{"caption":"SOURCE","id":56,"properties":{"name":"SOURCE","comment":"数据质量信息-数据源"}},
{"caption":"PUBDATE","id":89,"properties":{"name":"PUBDATE","comment":"发布时间"}},
{"caption":"OPT_TYPE","id":90,"properties":{"name":"OPT_TYPE","comment":"业务类型/操作类型add新增、update变更"}},
{"caption":"REFSYSTEM","id":87,"properties":{"name":"REFSYSTEM","comment":"参考系"}},
{"caption":"STATUS","id":57,"properties":{"name":"STATUS","comment":"状态"}},
{"caption":"DATA_LEVEL","id":88,"properties":{"name":"DATA_LEVEL","comment":"数据级别/N国家级、P省级"}},
{"caption":"RPPOSNAME","id":46,"properties":{"name":"RPPOSNAME","comment":"职务"}},
{"caption":"ROLE","id":47,"properties":{"name":"ROLE","comment":"职责"}},
{"caption":"CNTPHONE","id":48,"properties":{"name":"CNTPHONE","comment":"电话"}}
],
"links":[
{"source":61,"type":"in","target":42},
{"source":61,"type":"in","target":42},
{"source":61,"type":"in","target":43},
{"source":61,"type":"in","target":43},
{"source":61,"type":"in","target":44},
{"source":61,"type":"in","target":81},
{"source":61,"type":"in","target":101},
{"source":61,"type":"in","target":102},
{"source":61,"type":"in","target":82},
{"source":61,"type":"in","target":45},
{"source":43,"type":"in","target":83},
{"source":83,"type":"in","target":85},
{"source":44,"type":"in","target":84},
{"source":44,"type":"in","target":51},
{"source":51,"type":"in","target":92},
{"source":51,"type":"in","target":93},
{"source":51,"type":"in","target":94},
{"source":44,"type":"in","target":52},
{"source":81,"type":"in","target":53},
{"source":53,"type":"in","target":49},
{"source":81,"type":"in","target":54},
{"source":54,"type":"in","target":115},
{"source":81,"type":"in","target":103},
{"source":101,"type":"in","target":85},
{"source":101,"type":"in","target":104},
{"source":101,"type":"in","target":105},
{"source":102,"type":"in","target":106},
{"source":102,"type":"in","target":86},
{"source":86,"type":"in","target":112},
{"source":86,"type":"in","target":113},
{"source":86,"type":"in","target":114},
{"source":55,"type":"in","target":86},
{"source":86,"type":"in","target":50},
{"source":102,"type":"in","target":107},
{"source":82,"type":"in","target":108},
{"source":82,"type":"in","target":109},
{"source":109,"type":"in","target":91},
{"source":109,"type":"in","target":110},
{"source":109,"type":"in","target":111},
{"source":82,"type":"in","target":55},
{"source":45,"type":"in","target":56},
{"source":56,"type":"in","target":89},
{"source":56,"type":"in","target":90},
{"source":45,"type":"in","target":87},
{"source":45,"type":"in","target":57},
{"source":57,"type":"in","target":88},
{"source":42,"type":"in","target":46},
{"source":42,"type":"in","target":47},
{"source":42,"type":"in","target":48},
{"source":49,"type":"in","target":49}
]
}
