{
    "nodes": [
        {
            "caption": "C_COREMETA_ID",
            "id": 61,
            "properties": {
                "name": "C_COREMETA_ID",
                "comment": "核心元数据UUID"
            }
        },
        {
            "caption": "C_MDFILEID",
            "id": 42,
            "properties": {
                "name": "C_MDFILEID",
                "comment": "元数据标识符"
            }
        },
        {
            "caption": "C_MDLANG",
            "id": 43,
            "properties": {
                "name": "C_MDLANG",
                "comment": "元数据语种"
            }
        },
        {
            "caption": "C_MDCHAR",
            "id": 44,
            "properties": {
                "name": "C_MDCHAR",
                "comment": "元数据字符集"
            }
        },
        {
            "caption": "C_MDDATEST",
            "id": 81,
            "properties": {
                "name": "C_MDDATEST",
                "comment": "元数据创建日期"
            }
        },
        {
            "caption": "C_MDSTANNAME",
            "id": 101,
            "properties": {
                "name": "C_MDSTANNAME",
                "comment": "元数据标准名称"
            }
        },
        {
            "caption": "C_MDSTANVER",
            "id": 102,
            "properties": {
                "name": "C_MDSTANVER",
                "comment": "元数据标准版本"
            }
        },
        {
            "caption": "C_RPINDNAME",
            "id": 82,
            "properties": {
                "name": "C_RPINDNAME",
                "comment": "负责人名"
            }
        },
        {
            "caption": "C_RPORGNAME",
            "id": 45,
            "properties": {
                "name": "C_RPORGNAME",
                "comment": "负责单位名"
            }
        },
        {
            "caption": "C_RPPOSNAME",
            "id": 46,
            "properties": {
                "name": "C_RPPOSNAME",
                "comment": "职务"
            }
        },
        {
            "caption": "C_ROLE",
            "id": 47,
            "properties": {
                "name": "C_ROLE",
                "comment": "职责"
            }
        },
        {
            "caption": "C_CNTPHONE",
            "id": 48,
            "properties": {
                "name": "C_CNTPHONE",
                "comment": "电话"
            }
        },
        {
            "caption": "C_FAXPHONE",
            "id": 83,
            "properties": {
                "name": "C_FAXPHONE",
                "comment": "传真"
            }
        },
        {
            "caption": "C_DSID",
            "id": 85,
            "properties": {
                "name": "C_DSID",
                "comment": "数据集代码"
            }
        },
        {
            "caption": "C_ADMINAREA",
            "id": 84,
            "properties": {
                "name": "C_ADMINAREA",
                "comment": "行政区"
            }
        },
        {
            "caption": "C_POSTCODE",
            "id": 51,
            "properties": {
                "name": "C_POSTCODE",
                "comment": "邮政编码"
            }
        },
        {
            "caption": "C_DATA_STORAGE_MODE",
            "id": 92,
            "properties": {
                "name": "C_DATA_STORAGE_MODE",
                "comment": "数据存储方式"
            }
        },
        {
            "caption": "C_ISSUE_NUMBER",
            "id": 93,
            "properties": {
                "name": "C_ISSUE_NUMBER",
                "comment": "出版物发行号"
            }
        },
        {
            "caption": "C_COVER_PHOTO",
            "id": 94,
            "properties": {
                "name": "C_COVER_PHOTO",
                "comment": "出版物封面图片"
            }
        },
        {
            "caption": "C_COUNTRY",
            "id": 52,
            "properties": {
                "name": "C_COUNTRY",
                "comment": "国家"
            }
        },
        {
            "caption": "C_EMAILADD",
            "id": 53,
            "properties": {
                "name": "C_EMAILADD",
                "comment": "e-mail"
            }
        },
        {
            "caption": "C_DELPOINT",
            "id": 49,
            "properties": {
                "name": "C_DELPOINT",
                "comment": "详细地址"
            }
        },
        {
            "caption": "C_CNTONLINERES",
            "id": 54,
            "properties": {
                "name": "C_CNTONLINERES",
                "comment": "在线资源"
            }
        },
        {
            "caption": "C_BACK_COVER_PHOTO",
            "id": 115,
            "properties": {
                "name": "C_BACK_COVER_PHOTO",
                "comment": "出版物封底图片"
            }
        },
        {
            "caption": "C_TITLE",
            "id": 103,
            "properties": {
                "name": "C_TITLE",
                "comment": "数据集名称"
            }
        },
        {
            "caption": "C_IDABS",
            "id": 104,
            "properties": {
                "name": "C_IDABS",
                "comment": "摘要"
            }
        },
        {
            "caption": "C_TPCAT",
            "id": 105,
            "properties": {
                "name": "C_TPCAT",
                "comment": "类型"
            }
        },
        {
            "caption": "C_DATALANG",
            "id": 106,
            "properties": {
                "name": "C_DATALANG",
                "comment": "数据集语种"
            }
        },
        {
            "caption": "C_DATACHAR",
            "id": 86,
            "properties": {
                "name": "C_DATACHAR",
                "comment": "数据集字符集"
            }
        },
        {
            "caption": "C_INDUSTRY",
            "id": 112,
            "properties": {
                "name": "C_INDUSTRY",
                "comment": "所属行业"
            }
        },
        {
            "caption": "C_DATA_INCREMENT",
            "id": 113,
            "properties": {
                "name": "C_DATA_INCREMENT",
                "comment": "数据增量"
            }
        },
        {
            "caption": "C_DATA_TIME",
            "id": 114,
            "properties": {
                "name": "C_DATA_TIME",
                "comment": "数据时制"
            }
        },
        {
            "caption": "C_LINEAGE",
            "id": 55,
            "properties": {
                "name": "C_LINEAGE",
                "comment": "数据质量信息-处理过程"
            }
        },
        {
            "caption": "C_CITY",
            "id": 50,
            "properties": {
                "name": "C_CITY",
                "comment": "城市"
            }
        },
        {
            "caption": "C_MAINFREQ",
            "id": 107,
            "properties": {
                "name": "C_MAINFREQ",
                "comment": "维护和更新频率"
            }
        },
        {
            "caption": "C_DATASCAL",
            "id": 108,
            "properties": {
                "name": "C_DATASCAL",
                "comment": "空间分辨率"
            }
        },
        {
            "caption": "C_STATEMENT",
            "id": 109,
            "properties": {
                "name": "C_STATEMENT",
                "comment": "数据质量信息-描述"
            }
        },
        {
            "caption": "C_CREATE_DATE",
            "id": 91,
            "properties": {
                "name": "C_CREATE_DATE",
                "comment": "创建时间"
            }
        },
        {
            "caption": "C_UPDATED_DATE",
            "id": 110,
            "properties": {
                "name": "C_UPDATED_DATE",
                "comment": "更新时间"
            }
        },
        {
            "caption": "C_ATTRIBUTE",
            "id": 111,
            "properties": {
                "name": "C_ATTRIBUTE",
                "comment": "数据属性/出版物属性"
            }
        },
        {
            "caption": "C_SOURCE",
            "id": 56,
            "properties": {
                "name": "C_SOURCE",
                "comment": "数据质量信息-数据源"
            }
        },
        {
            "caption": "C_PUBDATE",
            "id": 89,
            "properties": {
                "name": "C_PUBDATE",
                "comment": "发布时间"
            }
        },
        {
            "caption": "C_OPT_TYPE",
            "id": 90,
            "properties": {
                "name": "C_OPT_TYPE",
                "comment": "业务类型/操作类型add新增、update变更"
            }
        },
        {
            "caption": "C_REFSYSTEM",
            "id": 87,
            "properties": {
                "name": "C_REFSYSTEM",
                "comment": "参考系"
            }
        },
        {
            "caption": "C_STATUS",
            "id": 57,
            "properties": {
                "name": "C_STATUS",
                "comment": "状态"
            }
        },
        {
            "caption": "DATA_LEVEL",
            "id": 88,
            "properties": {
                "name": "DATA_LEVEL",
                "comment": "数据级别/N国家级、P省级"
            }
        }
    ],
    "links": [
        {
            "source": "C_COREMETA_ID",
            "type": "include",
            "target": "C_MDFILEID"
        },
        {
            "source": "C_COREMETA_ID",
            "type": "include",
            "target": "C_MDFILEID"
        },
        {
            "source": "C_COREMETA_ID",
            "type": "include",
            "target": "C_MDLANG"
        },
        {
            "source": "C_COREMETA_ID",
            "type": "include",
            "target": "C_MDLANG"
        },
        {
            "source": "C_COREMETA_ID",
            "type": "include",
            "target": "C_MDCHAR"
        },
        {
            "source": "C_COREMETA_ID",
            "type": "include",
            "target": "C_MDDATEST"
        },
        {
            "source": "C_COREMETA_ID",
            "type": "include",
            "target": "C_MDSTANNAME"
        },
        {
            "source": "C_COREMETA_ID",
            "type": "include",
            "target": "C_MDSTANVER"
        },
        {
            "source": "C_COREMETA_ID",
            "type": "include",
            "target": "C_RPINDNAME"
        },
        {
            "source": "C_COREMETA_ID",
            "type": "include",
            "target": "C_RPORGNAME"
        },
        {
            "source": "C_MDFILEID",
            "type": "include",
            "target": "C_RPPOSNAME"
        },
        {
            "source": "C_MDFILEID",
            "type": "include",
            "target": "C_ROLE"
        },
        {
            "source": "C_MDFILEID",
            "type": "include",
            "target": "C_CNTPHONE"
        },
        {
            "source": "C_MDLANG",
            "type": "include",
            "target": "C_FAXPHONE"
        },
        {
            "source": "C_FAXPHONE",
            "type": "include",
            "target": "C_DSID"
        },
        {
            "source": "C_MDCHAR",
            "type": "include",
            "target": "C_ADMINAREA"
        },
        {
            "source": "C_MDCHAR",
            "type": "include",
            "target": "C_POSTCODE"
        },
        {
            "source": "C_POSTCODE",
            "type": "include",
            "target": "C_DATA_STORAGE_MODE"
        },
        {
            "source": "C_POSTCODE",
            "type": "include",
            "target": "C_ISSUE_NUMBER"
        },
        {
            "source": "C_POSTCODE",
            "type": "include",
            "target": "C_COVER_PHOTO"
        },
        {
            "source": "C_MDCHAR",
            "type": "include",
            "target": "C_COUNTRY"
        },
        {
            "source": "C_MDDATEST",
            "type": "include",
            "target": "C_EMAILADD"
        },
        {
            "source": "C_EMAILADD",
            "type": "include",
            "target": "C_DELPOINT"
        },
        {
            "source": "C_MDDATEST",
            "type": "include",
            "target": "C_CNTONLINERES"
        },
        {
            "source": "C_CNTONLINERES",
            "type": "include",
            "target": "C_BACK_COVER_PHOTO"
        },
        {
            "source": "C_MDDATEST",
            "type": "include",
            "target": "C_TITLE"
        },
        {
            "source": "C_MDSTANNAME",
            "type": "include",
            "target": "C_DSID"
        },
        {
            "source": "C_MDSTANNAME",
            "type": "include",
            "target": "C_IDABS"
        },
        {
            "source": "C_MDSTANNAME",
            "type": "include",
            "target": "C_TPCAT"
        },
        {
            "source": "C_MDSTANVER",
            "type": "include",
            "target": "C_DATALANG"
        },
        {
            "source": "C_MDSTANVER",
            "type": "include",
            "target": "C_DATACHAR"
        },
        {
            "source": "C_DATACHAR",
            "type": "include",
            "target": "C_INDUSTRY"
        },
        {
            "source": "C_DATACHAR",
            "type": "include",
            "target": "C_DATA_INCREMENT"
        },
        {
            "source": "C_DATACHAR",
            "type": "include",
            "target": "C_DATA_TIME"
        },
        {
            "source": "C_LINEAGE",
            "type": "include",
            "target": "C_DATACHAR"
        },
        {
            "source": "C_DATACHAR",
            "type": "include",
            "target": "C_CITY"
        },
        {
            "source": "C_MDSTANVER",
            "type": "include",
            "target": "C_MAINFREQ"
        },
        {
            "source": "C_RPINDNAME",
            "type": "include",
            "target": "C_DATASCAL"
        },
        {
            "source": "C_RPINDNAME",
            "type": "include",
            "target": "C_STATEMENT"
        },
        {
            "source": "C_STATEMENT",
            "type": "include",
            "target": "C_CREATE_DATE"
        },
        {
            "source": "C_STATEMENT",
            "type": "include",
            "target": "C_UPDATED_DATE"
        },
        {
            "source": "C_STATEMENT",
            "type": "include",
            "target": "C_ATTRIBUTE"
        },
        {
            "source": "C_RPINDNAME",
            "type": "include",
            "target": "C_LINEAGE"
        },
        {
            "source": "C_RPORGNAME",
            "type": "include",
            "target": "C_SOURCE"
        },
        {
            "source": "C_SOURCE",
            "type": "include",
            "target": "C_PUBDATE"
        },
        {
            "source": "C_SOURCE",
            "type": "include",
            "target": "C_OPT_TYPE"
        },
        {
            "source": "C_RPORGNAME",
            "type": "include",
            "target": "C_REFSYSTEM"
        },
        {
            "source": "C_RPORGNAME",
            "type": "include",
            "target": "C_STATUS"
        },
        {
            "source": "C_STATUS",
            "type": "include",
            "target": "DATA_LEVEL"
        }
    ]
}